GEO.id,GEO.id2,GEO.display-label,HD01_VD01,HD02_VD01
Id,Id2,Geography,Estimate; Gini Index,Margin of Error; Gini Index
0400000US26,26,Michigan,0.4624,0.0012
1600000US2600380,2600380,"Addison village, Michigan",0.3645,0.0529
1600000US2600440,2600440,"Adrian city, Michigan",0.4680,0.0275
1600000US2600480,2600480,"Advance CDP, Michigan",0.3159,0.0392
1600000US2600620,2600620,"Ahmeek village, Michigan",0.4490,0.0819
1600000US2600700,2600700,"Akron village, Michigan",0.3970,0.0612
1600000US2600860,2600860,"Alanson village, Michigan",0.3672,0.0429
1600000US2600900,2600900,"Alba CDP, Michigan",0.3022,0.0983
1600000US2600980,2600980,"Albion city, Michigan",0.4491,0.0211
1600000US2601060,2601060,"Alden CDP, Michigan",0.2768,0.0874
1600000US2601180,2601180,"Algonac city, Michigan",0.4711,0.0579
1600000US2601260,2601260,"Allegan city, Michigan",0.3962,0.0475
1600000US2601300,2601300,"Allen village, Michigan",0.3229,0.0624
1600000US2601340,2601340,"Allendale CDP, Michigan",0.4465,0.0344
1600000US2601380,2601380,"Allen Park city, Michigan",0.3824,0.0167
1600000US2601540,2601540,"Alma city, Michigan",0.4607,0.0343
1600000US2601660,2601660,"Almont village, Michigan",0.3910,0.0309
1600000US2601740,2601740,"Alpena city, Michigan",0.4609,0.0309
1600000US2601800,2601800,"Alpha village, Michigan",0.3308,0.1020
1600000US2601960,2601960,"Amasa CDP, Michigan",0.4116,0.0484
1600000US2603000,2603000,"Ann Arbor city, Michigan",0.5048,0.0093
1600000US2603200,2603200,"Applegate village, Michigan",0.3542,0.0586
1600000US2603300,2603300,"Arcadia CDP, Michigan",0.4363,0.0687
1600000US2603400,2603400,"Argentine CDP, Michigan",0.4142,0.0449
1600000US2603520,2603520,"Armada village, Michigan",0.3704,0.0342
1600000US2603740,2603740,"Ashley village, Michigan",0.3990,0.0540
1600000US2603880,2603880,"Athens village, Michigan",0.3392,0.0278
1600000US2603920,2603920,"Atlanta CDP, Michigan",0.4221,0.0667
1600000US2604020,2604020,"Attica CDP, Michigan",0.4194,0.0767
1600000US2604080,2604080,"Auburn city, Michigan",0.3950,0.0301
1600000US2604105,2604105,"Auburn Hills city, Michigan",0.4003,0.0152
1600000US2604120,2604120,"Au Gres city, Michigan",0.4572,0.0366
1600000US2604160,2604160,"Augusta village, Michigan",0.3946,0.0472
1600000US2604280,2604280,"Au Sable CDP, Michigan",0.3521,0.0305
1600000US2604740,2604740,"Bad Axe city, Michigan",0.4245,0.0314
1600000US2604940,2604940,"Baldwin village, Michigan",0.5533,0.0689
1600000US2605080,2605080,"Bancroft village, Michigan",0.3518,0.0447
1600000US2605140,2605140,"Bangor city, Michigan",0.4251,0.0337
1600000US2605320,2605320,"Baraga village, Michigan",0.4461,0.0412
1600000US2605470,2605470,"Barnes Lake-Millers Lake CDP, Michigan",0.3980,0.0705
1600000US2605500,2605500,"Baroda village, Michigan",0.4005,0.0494
1600000US2605580,2605580,"Barryton village, Michigan",0.4362,0.0426
1600000US2605660,2605660,"Barton Hills village, Michigan",0.5041,0.0832
1600000US2605880,2605880,"Bath CDP, Michigan",0.3264,0.0388
1600000US2605920,2605920,"Battle Creek city, Michigan",0.4830,0.0194
1600000US2606020,2606020,"Bay City city, Michigan",0.4577,0.0305
1600000US2606120,2606120,"Bay Port CDP, Michigan",0.4911,0.0721
1600000US2606180,2606180,"Bay Shore CDP, Michigan",0.4102,0.0562
1600000US2606260,2606260,"Bay View CDP, Michigan",0.4159,0.1676
1600000US2606360,2606360,"Beal City CDP, Michigan",0.3211,0.0529
1600000US2606430,2606430,"Bear Lake CDP, Michigan",0.4420,0.0733
1600000US2606460,2606460,"Bear Lake village, Michigan",0.3608,0.0612
1600000US2606660,2606660,"Beaverton city, Michigan",0.4459,0.0476
1600000US2606820,2606820,"Beecher CDP, Michigan",0.4251,0.0311
1600000US2606880,2606880,"Beechwood CDP, Michigan",0.4075,0.0759
1600000US2606900,2606900,"Belding city, Michigan",0.4420,0.0369
1600000US2606980,2606980,"Bellaire village, Michigan",0.4236,0.0524
1600000US2607020,2607020,"Belleville city, Michigan",0.4423,0.0371
1600000US2607060,2607060,"Bellevue village, Michigan",0.3761,0.0313
1600000US2607220,2607220,"Bendon CDP, Michigan",0.4249,0.0860
1600000US2607520,2607520,"Benton Harbor city, Michigan",0.4478,0.0251
1600000US2607540,2607540,"Benton Heights CDP, Michigan",0.3962,0.0432
1600000US2607580,2607580,"Benzonia village, Michigan",0.3397,0.0594
1600000US2607660,2607660,"Berkley city, Michigan",0.3852,0.0270
1600000US2607860,2607860,"Berrien Springs village, Michigan",0.4866,0.0646
1600000US2607960,2607960,"Bessemer city, Michigan",0.5007,0.0822
1600000US2608100,2608100,"Beulah village, Michigan",0.3921,0.0625
1600000US2608160,2608160,"Beverly Hills village, Michigan",0.4372,0.0306
1600000US2608180,2608180,"Big Bay CDP, Michigan",0.4759,0.1089
1600000US2608300,2608300,"Big Rapids city, Michigan",0.5238,0.0334
1600000US2608460,2608460,"Bingham Farms village, Michigan",0.4630,0.0469
1600000US2608540,2608540,"Birch Run village, Michigan",0.3764,0.0330
1600000US2608640,2608640,"Birmingham city, Michigan",0.5021,0.0165
1600000US2609000,2609000,"Blissfield village, Michigan",0.4026,0.0335
1600000US2609180,2609180,"Bloomfield Hills city, Michigan",0.5149,0.0485
1600000US2609220,2609220,"Bloomingdale village, Michigan",0.3935,0.0420
1600000US2609560,2609560,"Boon CDP, Michigan",0.2958,0.0780
1600000US2609820,2609820,"Boyne City city, Michigan",0.4339,0.0272
1600000US2609840,2609840,"Boyne Falls village, Michigan",0.3099,0.0472
1600000US2610160,2610160,"Breckenridge village, Michigan",0.4171,0.0365
1600000US2610180,2610180,"Breedsville village, Michigan",0.3701,0.1331
1600000US2610300,2610300,"Brethren CDP, Michigan",0.3196,0.0463
1600000US2610440,2610440,"Bridgeport CDP, Michigan",0.3948,0.0280
1600000US2610580,2610580,"Bridgman city, Michigan",0.4410,0.0418
1600000US2610620,2610620,"Brighton city, Michigan",0.3928,0.0250
1600000US2610760,2610760,"Britton village, Michigan",0.3947,0.0565
1600000US2610860,2610860,"Bronson city, Michigan",0.3963,0.0444
1600000US2611000,2611000,"Brooklyn village, Michigan",0.4273,0.0354
1600000US2611180,2611180,"Brown City city, Michigan",0.4390,0.0445
1600000US2611200,2611200,"Brownlee Park CDP, Michigan",0.3958,0.0358
1600000US2611380,2611380,"Brutus CDP, Michigan",0.3432,0.0474
1600000US2611400,2611400,"Buchanan city, Michigan",0.4449,0.0389
1600000US2611480,2611480,"Buckley village, Michigan",0.3555,0.0490
1600000US2611555,2611555,"Buena Vista CDP, Michigan",0.4476,0.0332
1600000US2611800,2611800,"Burlington village, Michigan",0.3536,0.0612
1600000US2611920,2611920,"Burr Oak village, Michigan",0.3845,0.1112
1600000US2612000,2612000,"Burt CDP, Michigan",0.3715,0.0581
1600000US2612060,2612060,"Burton city, Michigan",0.4538,0.0329
1600000US2612260,2612260,"Byron village, Michigan",0.3674,0.0527
1600000US2612280,2612280,"Byron Center CDP, Michigan",0.4360,0.0458
1600000US2612290,2612290,"Caberfae CDP, Michigan",0.5615,0.2098
1600000US2612320,2612320,"Cadillac city, Michigan",0.4434,0.0482
1600000US2612480,2612480,"Caledonia village, Michigan",0.4296,0.0725
1600000US2612580,2612580,"Calumet village, Michigan",0.5381,0.0470
1600000US2612760,2612760,"Camden village, Michigan",0.3807,0.0471
1600000US2612980,2612980,"Canada Creek Ranch CDP, Michigan",0.2745,0.0455
1600000US2613010,2613010,"Canadian Lakes CDP, Michigan",0.3503,0.0394
1600000US2613140,2613140,"Capac village, Michigan",0.3941,0.0337
1600000US2613220,2613220,"Carleton village, Michigan",0.4522,0.0564
1600000US2613400,2613400,"Carney village, Michigan",0.4115,0.0688
1600000US2613420,2613420,"Caro city, Michigan",0.4513,0.0348
1600000US2613480,2613480,"Carp Lake CDP, Michigan",0.2783,0.0752
1600000US2613600,2613600,"Carson City city, Michigan",0.4390,0.0354
1600000US2613620,2613620,"Carsonville village, Michigan",0.4107,0.0639
1600000US2613760,2613760,"Caseville city, Michigan",0.5108,0.1172
1600000US2613820,2613820,"Casnovia village, Michigan",0.3623,0.0684
1600000US2613860,2613860,"Caspian city, Michigan",0.5008,0.1373
1600000US2613880,2613880,"Cass City village, Michigan",0.4062,0.0456
1600000US2613900,2613900,"Cassopolis village, Michigan",0.4275,0.0299
1600000US2614020,2614020,"Cedar CDP, Michigan",0.4749,0.1359
1600000US2614200,2614200,"Cedar Springs city, Michigan",0.3741,0.0399
1600000US2614260,2614260,"Cement City village, Michigan",0.4584,0.1819
1600000US2614320,2614320,"Center Line city, Michigan",0.4276,0.0258
1600000US2614400,2614400,"Central Lake village, Michigan",0.5202,0.1605
1600000US2614460,2614460,"Centreville village, Michigan",0.3976,0.0364
1600000US2614780,2614780,"Charlevoix city, Michigan",0.5257,0.0562
1600000US2614820,2614820,"Charlotte city, Michigan",0.4805,0.0520
1600000US2614940,2614940,"Chatham village, Michigan",0.4421,0.1011
1600000US2615000,2615000,"Cheboygan city, Michigan",0.4336,0.0310
1600000US2615020,2615020,"Chelsea city, Michigan",0.4224,0.0468
1600000US2615140,2615140,"Chesaning village, Michigan",0.4399,0.0425
1600000US2615715,2615715,"Chums Corner CDP, Michigan",0.3782,0.1206
1600000US2615920,2615920,"Clare city, Michigan",0.4800,0.0290
1600000US2616140,2616140,"Clarksville village, Michigan",0.3713,0.0584
1600000US2616160,2616160,"Clawson city, Michigan",0.3750,0.0243
1600000US2616280,2616280,"Clayton village, Michigan",0.3471,0.0493
1600000US2616420,2616420,"Clifford village, Michigan",0.3464,0.0662
1600000US2616440,2616440,"Climax village, Michigan",0.4045,0.0675
1600000US2616480,2616480,"Clinton village, Michigan",0.4166,0.0812
1600000US2616620,2616620,"Clio city, Michigan",0.3896,0.0401
1600000US2617020,2617020,"Coldwater city, Michigan",0.4382,0.0222
1600000US2617100,2617100,"Coleman city, Michigan",0.4093,0.0554
1600000US2617320,2617320,"Coloma city, Michigan",0.3521,0.0320
1600000US2617360,2617360,"Colon village, Michigan",0.3769,0.0459
1600000US2617460,2617460,"Columbiaville village, Michigan",0.3623,0.0400
1600000US2617690,2617690,"Comstock Northwest CDP, Michigan",0.3817,0.0446
1600000US2617700,2617700,"Comstock Park CDP, Michigan",0.3899,0.0274
1600000US2617740,2617740,"Concord village, Michigan",0.3739,0.0491
1600000US2617840,2617840,"Constantine village, Michigan",0.3957,0.0290
1600000US2617900,2617900,"Conway CDP, Michigan",0.2893,0.0606
1600000US2618020,2618020,"Coopersville city, Michigan",0.3614,0.0280
1600000US2618040,2618040,"Copemish village, Michigan",0.4304,0.0718
1600000US2618080,2618080,"Copper City village, Michigan",0.3375,0.0857
1600000US2618100,2618100,"Copper Harbor CDP, Michigan",0.3214,0.0696
1600000US2618300,2618300,"Corunna city, Michigan",0.4031,0.0403
1600000US2618880,2618880,"Cross Village CDP, Michigan",0.3467,0.0965
1600000US2618920,2618920,"Croswell city, Michigan",0.4049,0.0342
1600000US2619135,2619135,"Crystal Downs Country Club CDP, Michigan",0.5970,0.1118
1600000US2619140,2619140,"Crystal Falls city, Michigan",0.4210,0.0288
1600000US2619195,2619195,"Crystal Mountain CDP, Michigan",0.2268,0.0951
1600000US2619420,2619420,"Custer village, Michigan",0.3503,0.0751
1600000US2619500,2619500,"Cutlerville CDP, Michigan",0.3887,0.0214
1600000US2619560,2619560,"Daggett village, Michigan",0.3369,0.0490
1600000US2619780,2619780,"Dansville village, Michigan",0.3866,0.0925
1600000US2619880,2619880,"Davison city, Michigan",0.4779,0.0596
1600000US2621000,2621000,"Dearborn city, Michigan",0.4660,0.0121
1600000US2621020,2621020,"Dearborn Heights city, Michigan",0.4378,0.0182
1600000US2621040,2621040,"Decatur village, Michigan",0.4951,0.1186
1600000US2621100,2621100,"Deckerville village, Michigan",0.4213,0.0432
1600000US2621180,2621180,"Deerfield village, Michigan",0.4494,0.0761
1600000US2621560,2621560,"Delton CDP, Michigan",0.3538,0.0757
1600000US2621780,2621780,"De Tour Village village, Michigan",0.4031,0.0512
1600000US2622000,2622000,"Detroit city, Michigan",0.5069,0.0056
1600000US2622040,2622040,"Detroit Beach CDP, Michigan",0.3371,0.0500
1600000US2622120,2622120,"DeWitt city, Michigan",0.4461,0.0703
1600000US2622160,2622160,"Dexter village, Michigan",0.3820,0.0290
1600000US2622380,2622380,"Dimondale village, Michigan",0.3439,0.0362
1600000US2622520,2622520,"Dollar Bay CDP, Michigan",0.3978,0.0484
1600000US2622740,2622740,"Douglas city, Michigan",0.4113,0.0385
1600000US2622880,2622880,"Dowagiac city, Michigan",0.4455,0.0394
1600000US2622900,2622900,"Dowling CDP, Michigan",0.3229,0.0395
1600000US2623140,2623140,"Dryden village, Michigan",0.4029,0.0383
1600000US2623380,2623380,"Dundee village, Michigan",0.3674,0.0317
1600000US2623500,2623500,"Durand city, Michigan",0.3566,0.0254
1600000US2623560,2623560,"Eagle village, Michigan",0.2688,0.1291
1600000US2623600,2623600,"Eagle Harbor CDP, Michigan",0.3905,0.0922
1600000US2623740,2623740,"Eagle River CDP, Michigan",0.4760,0.0758
1600000US2623980,2623980,"East Grand Rapids city, Michigan",0.4674,0.0412
1600000US2624020,2624020,"East Jordan city, Michigan",0.4585,0.0574
1600000US2624060,2624060,"Eastlake village, Michigan",0.3625,0.0290
1600000US2624120,2624120,"East Lansing city, Michigan",0.5978,0.0162
1600000US2624290,2624290,"Eastpointe city, Michigan",0.4149,0.0202
1600000US2624300,2624300,"Eastport CDP, Michigan",0.3768,0.1000
1600000US2624420,2624420,"East Tawas city, Michigan",0.5468,0.1078
1600000US2624500,2624500,"Eastwood CDP, Michigan",0.3803,0.0365
1600000US2624540,2624540,"Eaton Rapids city, Michigan",0.3807,0.0240
1600000US2624580,2624580,"Eau Claire village, Michigan",0.3512,0.0654
1600000US2624740,2624740,"Ecorse city, Michigan",0.4690,0.0387
1600000US2624880,2624880,"Edgemont Park CDP, Michigan",0.3423,0.0487
1600000US2625000,2625000,"Edmore village, Michigan",0.4860,0.0663
1600000US2625040,2625040,"Edwardsburg village, Michigan",0.4194,0.0440
1600000US2625180,2625180,"Elberta village, Michigan",0.3744,0.0934
1600000US2625320,2625320,"Elk Rapids village, Michigan",0.4658,0.0342
1600000US2625360,2625360,"Elkton village, Michigan",0.4313,0.0444
1600000US2625420,2625420,"Ellsworth village, Michigan",0.3484,0.0668
1600000US2625780,2625780,"Elsie village, Michigan",0.3460,0.0313
1600000US2625940,2625940,"Emmett village, Michigan",0.3890,0.0480
1600000US2625980,2625980,"Empire village, Michigan",0.4385,0.0590
1600000US2626360,2626360,"Escanaba city, Michigan",0.4696,0.0436
1600000US2626420,2626420,"Essexville city, Michigan",0.3541,0.0345
1600000US2626460,2626460,"Estral Beach village, Michigan",0.4027,0.0520
1600000US2626640,2626640,"Evart city, Michigan",0.5111,0.0436
1600000US2627080,2627080,"Fairgrove village, Michigan",0.3776,0.0485
1600000US2627160,2627160,"Fair Plain CDP, Michigan",0.4136,0.0285
1600000US2627380,2627380,"Farmington city, Michigan",0.4222,0.0251
1600000US2627440,2627440,"Farmington Hills city, Michigan",0.4479,0.0129
1600000US2627500,2627500,"Farwell village, Michigan",0.4227,0.0433
1600000US2627740,2627740,"Fennville city, Michigan",0.4160,0.0494
1600000US2627760,2627760,"Fenton city, Michigan",0.3880,0.0186
1600000US2627880,2627880,"Ferndale city, Michigan",0.4352,0.0251
1600000US2627960,2627960,"Ferrysburg city, Michigan",0.4666,0.0512
1600000US2628000,2628000,"Fife Lake village, Michigan",0.4095,0.0605
1600000US2628060,2628060,"Filer City CDP, Michigan",0.3960,0.1483
1600000US2628360,2628360,"Flat Rock city, Michigan",0.4114,0.0302
1600000US2629000,2629000,"Flint city, Michigan",0.4862,0.0144
1600000US2629200,2629200,"Flushing city, Michigan",0.4044,0.0280
1600000US2629580,2629580,"Forest Hills CDP, Michigan",0.4319,0.0210
1600000US2629660,2629660,"Forestville village, Michigan",0.3171,0.0934
1600000US2629920,2629920,"Fostoria CDP, Michigan",0.3380,0.0478
1600000US2629940,2629940,"Fountain village, Michigan",0.4484,0.1299
1600000US2630040,2630040,"Fowler village, Michigan",0.3749,0.0374
1600000US2630060,2630060,"Fowlerville village, Michigan",0.3796,0.0446
1600000US2630200,2630200,"Frankenmuth city, Michigan",0.4343,0.0384
1600000US2630260,2630260,"Frankfort city, Michigan",0.4414,0.0399
1600000US2630340,2630340,"Franklin village, Michigan",0.5542,0.0588
1600000US2630420,2630420,"Fraser city, Michigan",0.4437,0.0292
1600000US2630540,2630540,"Freeland CDP, Michigan",0.3470,0.0292
1600000US2630580,2630580,"Freeport village, Michigan",0.3129,0.0728
1600000US2630600,2630600,"Free Soil village, Michigan",0.3682,0.0682
1600000US2630700,2630700,"Fremont city, Michigan",0.4069,0.0343
1600000US2631000,2631000,"Fruitport village, Michigan",0.4202,0.0532
1600000US2631160,2631160,"Gaastra city, Michigan",0.3560,0.0490
1600000US2631180,2631180,"Gagetown village, Michigan",0.3584,0.0628
1600000US2631200,2631200,"Gaines village, Michigan",0.3941,0.0502
1600000US2631260,2631260,"Galesburg city, Michigan",0.4092,0.0319
1600000US2631300,2631300,"Galien village, Michigan",0.3890,0.0509
1600000US2631380,2631380,"Garden village, Michigan",0.3297,0.0723
1600000US2631420,2631420,"Garden City city, Michigan",0.3756,0.0141
1600000US2631720,2631720,"Gaylord city, Michigan",0.4468,0.0372
1600000US2632020,2632020,"Gibraltar city, Michigan",0.3694,0.0305
1600000US2632300,2632300,"Gladstone city, Michigan",0.4228,0.0363
1600000US2632320,2632320,"Gladwin city, Michigan",0.4638,0.0635
1600000US2632360,2632360,"Glen Arbor CDP, Michigan",0.5310,0.1660
1600000US2632640,2632640,"Gobles city, Michigan",0.4001,0.0408
1600000US2632980,2632980,"Goodrich village, Michigan",0.4285,0.0523
1600000US2633260,2633260,"Grand Beach village, Michigan",0.5268,0.0813
1600000US2633280,2633280,"Grand Blanc city, Michigan",0.4678,0.0387
1600000US2633340,2633340,"Grand Haven city, Michigan",0.4754,0.0524
1600000US2633420,2633420,"Grand Ledge city, Michigan",0.4011,0.0273
1600000US2634000,2634000,"Grand Rapids city, Michigan",0.4550,0.0094
1600000US2634160,2634160,"Grandville city, Michigan",0.3988,0.0306
1600000US2634360,2634360,"Grant city, Michigan",0.4142,0.0405
1600000US2634480,2634480,"Grass Lake village, Michigan",0.4552,0.0897
1600000US2634620,2634620,"Grawn CDP, Michigan",0.2650,0.1012
1600000US2634640,2634640,"Grayling city, Michigan",0.4925,0.1114
1600000US2635100,2635100,"Greenville city, Michigan",0.4636,0.0503
1600000US2635300,2635300,"Greilickville CDP, Michigan",0.4685,0.0748
1600000US2635480,2635480,"Grosse Pointe city, Michigan",0.4773,0.0259
1600000US2635520,2635520,"Grosse Pointe Farms city, Michigan",0.4238,0.0284
1600000US2635540,2635540,"Grosse Pointe Park city, Michigan",0.4931,0.0329
1600000US2635580,2635580,"Grosse Pointe Woods city, Michigan",0.3981,0.0252
1600000US2635760,2635760,"Gwinn CDP, Michigan",0.3802,0.0389
1600000US2636280,2636280,"Hamtramck city, Michigan",0.4944,0.0228
1600000US2636300,2636300,"Hancock city, Michigan",0.4604,0.0314
1600000US2636380,2636380,"Hanover village, Michigan",0.3660,0.0619
1600000US2636460,2636460,"Harbor Beach city, Michigan",0.5216,0.0488
1600000US2636560,2636560,"Harbor Springs city, Michigan",0.5295,0.1068
1600000US2636585,2636585,"Hardwood Acres CDP, Michigan",0.2567,0.0831
1600000US2636590,2636590,"Haring CDP, Michigan",0.1975,0.0783
1600000US2636700,2636700,"Harper Woods city, Michigan",0.3831,0.0204
1600000US2636720,2636720,"Harrietta village, Michigan",0.4356,0.1090
1600000US2636800,2636800,"Harrison city, Michigan",0.4633,0.0325
1600000US2636860,2636860,"Harrisville city, Michigan",0.4852,0.0545
1600000US2636920,2636920,"Hart city, Michigan",0.4225,0.0398
1600000US2636960,2636960,"Hartford city, Michigan",0.4050,0.0385
1600000US2637080,2637080,"Harvey CDP, Michigan",0.4189,0.0711
1600000US2637100,2637100,"Haslett CDP, Michigan",0.4512,0.0189
1600000US2637120,2637120,"Hastings city, Michigan",0.4418,0.0413
1600000US2637420,2637420,"Hazel Park city, Michigan",0.4483,0.0334
1600000US2637600,2637600,"Hemlock CDP, Michigan",0.3423,0.0594
1600000US2637620,2637620,"Henderson CDP, Michigan",0.4590,0.1220
1600000US2637820,2637820,"Hersey village, Michigan",0.3849,0.0477
1600000US2637860,2637860,"Hesperia village, Michigan",0.4143,0.0360
1600000US2637960,2637960,"Hickory Corners CDP, Michigan",0.3445,0.1981
1600000US2638180,2638180,"Highland Park city, Michigan",0.5806,0.0884
1600000US2638380,2638380,"Hillman village, Michigan",0.4422,0.0344
1600000US2638460,2638460,"Hillsdale city, Michigan",0.4870,0.0460
1600000US2638640,2638640,"Holland city, Michigan",0.4374,0.0356
1600000US2638700,2638700,"Holly village, Michigan",0.3493,0.0424
1600000US2638780,2638780,"Holt CDP, Michigan",0.3928,0.0170
1600000US2638920,2638920,"Homer village, Michigan",0.4402,0.0373
1600000US2639080,2639080,"Honor village, Michigan",0.3586,0.0647
1600000US2639180,2639180,"Hopkins village, Michigan",0.3766,0.0590
1600000US2639340,2639340,"Horton Bay CDP, Michigan",0.4063,0.0476
1600000US2639360,2639360,"Houghton city, Michigan",0.5081,0.0360
1600000US2639400,2639400,"Houghton Lake CDP, Michigan",0.5409,0.1329
1600000US2639500,2639500,"Howard City village, Michigan",0.3762,0.0518
1600000US2639540,2639540,"Howell city, Michigan",0.4196,0.0324
1600000US2639634,2639634,"Hubbard Lake CDP, Michigan",0.4470,0.1027
1600000US2639660,2639660,"Hubbardston village, Michigan",0.4273,0.0730
1600000US2639680,2639680,"Hubbell CDP, Michigan",0.3665,0.0505
1600000US2639720,2639720,"Hudson city, Michigan",0.3749,0.0288
1600000US2639800,2639800,"Hudsonville city, Michigan",0.3870,0.0301
1600000US2640000,2640000,"Huntington Woods city, Michigan",0.4100,0.0292
1600000US2640320,2640320,"Imlay City city, Michigan",0.3677,0.0388
1600000US2640480,2640480,"Indian River CDP, Michigan",0.4231,0.0527
1600000US2640680,2640680,"Inkster city, Michigan",0.4559,0.0203
1600000US2640800,2640800,"Interlochen CDP, Michigan",0.4674,0.0867
1600000US2640860,2640860,"Ionia city, Michigan",0.4288,0.0525
1600000US2640960,2640960,"Iron Mountain city, Michigan",0.4520,0.0392
1600000US2640980,2640980,"Iron River city, Michigan",0.4194,0.0386
1600000US2641040,2641040,"Ironton CDP, Michigan",0.3463,0.0746
1600000US2641060,2641060,"Ironwood city, Michigan",0.4608,0.0398
1600000US2641220,2641220,"Ishpeming city, Michigan",0.4264,0.0258
1600000US2641340,2641340,"Ithaca city, Michigan",0.4277,0.0366
1600000US2641420,2641420,"Jackson city, Michigan",0.4774,0.0148
1600000US2641540,2641540,"Jasper CDP, Michigan",0.4044,0.0608
1600000US2641680,2641680,"Jenison CDP, Michigan",0.3576,0.0271
1600000US2641720,2641720,"Jennings CDP, Michigan",0.4042,0.0889
1600000US2641920,2641920,"Jonesville city, Michigan",0.3729,0.0283
1600000US2642160,2642160,"Kalamazoo city, Michigan",0.5039,0.0148
1600000US2642240,2642240,"Kaleva village, Michigan",0.3399,0.0708
1600000US2642260,2642260,"Kalkaska village, Michigan",0.4258,0.0412
1600000US2642460,2642460,"Keego Harbor city, Michigan",0.4463,0.0424
1600000US2642780,2642780,"Kent City village, Michigan",0.3975,0.0360
1600000US2642820,2642820,"Kentwood city, Michigan",0.4245,0.0195
1600000US2643220,2643220,"Kinde village, Michigan",0.3779,0.0544
1600000US2643300,2643300,"Kingsford city, Michigan",0.4287,0.0304
1600000US2643340,2643340,"Kingsley village, Michigan",0.4120,0.0469
1600000US2643380,2643380,"Kingston village, Michigan",0.4843,0.1136
1600000US2643558,2643558,"K. I. Sawyer CDP, Michigan",0.4190,0.0341
1600000US2644200,2644200,"Laingsburg city, Michigan",0.3631,0.0826
1600000US2644440,2644440,"Lake Angelus city, Michigan",0.5077,0.0590
1600000US2644460,2644460,"Lake Ann village, Michigan",0.3966,0.0615
1600000US2644480,2644480,"Lake City city, Michigan",0.4243,0.0436
1600000US2644520,2644520,"Lake Fenton CDP, Michigan",0.4501,0.0493
1600000US2644715,2644715,"Lake Isabella village, Michigan",0.3726,0.0411
1600000US2644760,2644760,"Lake Leelanau CDP, Michigan",0.2754,0.0862
1600000US2644780,2644780,"Lake Linden village, Michigan",0.4731,0.1057
1600000US2644820,2644820,"Lake Michigan Beach CDP, Michigan",0.4525,0.0622
1600000US2644880,2644880,"Lake Odessa village, Michigan",0.3727,0.0323
1600000US2644940,2644940,"Lake Orion village, Michigan",0.4167,0.0419
1600000US2645144,2645144,"Lakes of the North CDP, Michigan",0.3072,0.0566
1600000US2645190,2645190,"Lake Victoria CDP, Michigan",0.3649,0.0759
1600000US2645240,2645240,"Lakeview village, Michigan",0.4859,0.0443
1600000US2645340,2645340,"Lakewood Club village, Michigan",0.3261,0.0394
1600000US2645420,2645420,"Lambertville CDP, Michigan",0.4250,0.0437
1600000US2645540,2645540,"L'Anse village, Michigan",0.4068,0.0511
1600000US2646000,2646000,"Lansing city, Michigan",0.4353,0.0122
1600000US2646040,2646040,"Lapeer city, Michigan",0.4488,0.0273
1600000US2646320,2646320,"Lathrup Village city, Michigan",0.3103,0.0335
1600000US2646360,2646360,"Laurium village, Michigan",0.4247,0.0440
1600000US2646440,2646440,"Lawrence village, Michigan",0.4773,0.0524
1600000US2646500,2646500,"Lawton village, Michigan",0.4338,0.0456
1600000US2646800,2646800,"Leland CDP, Michigan",0.3653,0.0662
1600000US2646880,2646880,"Lennon village, Michigan",0.4598,0.1874
1600000US2646940,2646940,"Leonard village, Michigan",0.4243,0.0547
1600000US2647100,2647100,"Le Roy village, Michigan",0.4936,0.2686
1600000US2647180,2647180,"Leslie city, Michigan",0.3644,0.0351
1600000US2647230,2647230,"Level Park-Oak Park CDP, Michigan",0.3772,0.0384
1600000US2647240,2647240,"Levering CDP, Michigan",0.3865,0.0964
1600000US2647260,2647260,"Lewiston CDP, Michigan",0.3858,0.0441
1600000US2647280,2647280,"Lexington village, Michigan",0.4802,0.0509
1600000US2647560,2647560,"Lincoln village, Michigan",0.4243,0.0525
1600000US2647800,2647800,"Lincoln Park city, Michigan",0.4056,0.0201
1600000US2647820,2647820,"Linden city, Michigan",0.3736,0.0287
1600000US2647980,2647980,"Litchfield city, Michigan",0.4121,0.0414
1600000US2649000,2649000,"Livonia city, Michigan",0.3849,0.0085
1600000US2649400,2649400,"Loomis CDP, Michigan",0.3178,0.0596
1600000US2649450,2649450,"Lost Lake Woods CDP, Michigan",0.4353,0.1261
1600000US2649540,2649540,"Lowell city, Michigan",0.3073,0.0316
1600000US2649640,2649640,"Ludington city, Michigan",0.5023,0.0466
1600000US2649700,2649700,"Luna Pier city, Michigan",0.4301,0.0453
1600000US2649720,2649720,"Lupton CDP, Michigan",0.3209,0.0650
1600000US2649740,2649740,"Luther village, Michigan",0.4098,0.0598
1600000US2649900,2649900,"Lyons village, Michigan",0.4065,0.0517
1600000US2649980,2649980,"McBain city, Michigan",0.4157,0.0519
1600000US2650000,2650000,"McBride village, Michigan",0.5292,0.2576
1600000US2650280,2650280,"Mackinac Island city, Michigan",0.3850,0.0535
1600000US2650320,2650320,"Mackinaw City village, Michigan",0.4676,0.0825
1600000US2650560,2650560,"Madison Heights city, Michigan",0.4274,0.0203
1600000US2650620,2650620,"Mancelona village, Michigan",0.4251,0.0469
1600000US2650660,2650660,"Manchester village, Michigan",0.3977,0.0301
1600000US2650720,2650720,"Manistee city, Michigan",0.4352,0.0327
1600000US2650755,2650755,"Manistee Lake CDP, Michigan",0.3627,0.0553
1600000US2650760,2650760,"Manistique city, Michigan",0.4668,0.0629
1600000US2650830,2650830,"Manitou Beach-Devils Lake CDP, Michigan",0.3777,0.0479
1600000US2650880,2650880,"Manton city, Michigan",0.3818,0.0378
1600000US2650920,2650920,"Maple City CDP, Michigan",0.2861,0.0631
1600000US2650970,2650970,"Maple Grove CDP, Michigan",-,**
1600000US2651200,2651200,"Maple Rapids village, Michigan",0.3585,0.0422
1600000US2651460,2651460,"Marcellus village, Michigan",0.4423,0.0642
1600000US2651540,2651540,"Marenisco CDP, Michigan",0.3548,0.0512
1600000US2651600,2651600,"Marine City city, Michigan",0.4291,0.0316
1600000US2651660,2651660,"Marion village, Michigan",0.4185,0.0402
1600000US2651820,2651820,"Marlette city, Michigan",0.4463,0.0255
1600000US2651900,2651900,"Marquette city, Michigan",0.5205,0.0284
1600000US2651940,2651940,"Marshall city, Michigan",0.3979,0.0296
1600000US2651980,2651980,"Martin village, Michigan",0.4442,0.0527
1600000US2652080,2652080,"Marysville city, Michigan",0.3908,0.0168
1600000US2652180,2652180,"Mason city, Michigan",0.3758,0.0207
1600000US2652380,2652380,"Mattawan village, Michigan",0.4109,0.0288
1600000US2652440,2652440,"Maybee village, Michigan",0.3766,0.0502
1600000US2652540,2652540,"Mayville village, Michigan",0.3756,0.0601
1600000US2652760,2652760,"Mecosta village, Michigan",0.4196,0.0494
1600000US2652920,2652920,"Melvin village, Michigan",0.4602,0.0952
1600000US2652940,2652940,"Melvindale city, Michigan",0.4379,0.0420
1600000US2652960,2652960,"Memphis city, Michigan",0.4211,0.0496
1600000US2652980,2652980,"Mendon village, Michigan",0.3292,0.0285
1600000US2653020,2653020,"Menominee city, Michigan",0.4716,0.0407
1600000US2653180,2653180,"Merrill village, Michigan",0.4623,0.0725
1600000US2653320,2653320,"Mesick village, Michigan",0.3870,0.0390
1600000US2653340,2653340,"Metamora village, Michigan",0.2928,0.0409
1600000US2653500,2653500,"Michiana village, Michigan",0.5509,0.0721
1600000US2653520,2653520,"Michigamme CDP, Michigan",0.4038,0.0693
1600000US2653580,2653580,"Michigan Center CDP, Michigan",0.3633,0.0364
1600000US2653730,2653730,"Middletown CDP, Michigan",0.4997,0.1019
1600000US2653760,2653760,"Middleville village, Michigan",0.3701,0.0458
1600000US2653780,2653780,"Midland city, Michigan",0.4800,0.0172
1600000US2653920,2653920,"Milan city, Michigan",0.3458,0.0256
1600000US2653960,2653960,"Milford village, Michigan",0.4098,0.0324
1600000US2654120,2654120,"Millersburg village, Michigan",0.4341,0.0963
1600000US2654220,2654220,"Millington village, Michigan",0.3986,0.0413
1600000US2654560,2654560,"Minden City village, Michigan",0.3750,0.0642
1600000US2654660,2654660,"Mio CDP, Michigan",0.4020,0.0304
1600000US2655020,2655020,"Monroe city, Michigan",0.4372,0.0212
1600000US2655100,2655100,"Montague city, Michigan",0.3785,0.0295
1600000US2655220,2655220,"Montgomery village, Michigan",0.3509,0.0615
1600000US2655280,2655280,"Montrose city, Michigan",0.3806,0.0334
1600000US2655500,2655500,"Morenci city, Michigan",0.3859,0.0357
1600000US2655540,2655540,"Morley village, Michigan",0.3907,0.0524
1600000US2655560,2655560,"Morrice village, Michigan",0.3618,0.0383
1600000US2655820,2655820,"Mount Clemens city, Michigan",0.4588,0.0192
1600000US2655960,2655960,"Mount Morris city, Michigan",0.4741,0.0566
1600000US2656020,2656020,"Mount Pleasant city, Michigan",0.5194,0.0240
1600000US2656080,2656080,"Muir village, Michigan",0.4020,0.0602
1600000US2656140,2656140,"Mulliken village, Michigan",0.3100,0.0580
1600000US2656200,2656200,"Munising city, Michigan",0.4089,0.0320
1600000US2656320,2656320,"Muskegon city, Michigan",0.4649,0.0153
1600000US2656360,2656360,"Muskegon Heights city, Michigan",0.4632,0.0255
1600000US2656620,2656620,"Napoleon CDP, Michigan",0.3065,0.0909
1600000US2656680,2656680,"Nashville village, Michigan",0.4095,0.0333
1600000US2656860,2656860,"Negaunee city, Michigan",0.3964,0.0209
1600000US2656960,2656960,"Nessen City CDP, Michigan",0.4476,0.0905
1600000US2657080,2657080,"Newaygo city, Michigan",0.4428,0.0358
1600000US2657100,2657100,"New Baltimore city, Michigan",0.3599,0.0222
1600000US2657140,2657140,"Newberry village, Michigan",0.4296,0.0472
1600000US2657220,2657220,"New Buffalo city, Michigan",0.5090,0.0383
1600000US2657280,2657280,"New Era village, Michigan",0.3283,0.0401
1600000US2657380,2657380,"New Haven village, Michigan",0.3566,0.0433
1600000US2657520,2657520,"New Lothrop village, Michigan",0.4121,0.0535
1600000US2657660,2657660,"New Troy CDP, Michigan",0.3467,0.0503
1600000US2657760,2657760,"Niles city, Michigan",0.4332,0.0264
1600000US2657920,2657920,"North Adams village, Michigan",0.3117,0.0505
1600000US2658080,2658080,"North Branch village, Michigan",0.4023,0.0465
1600000US2658640,2658640,"North Muskegon city, Michigan",0.4285,0.0359
1600000US2658740,2658740,"Northport village, Michigan",0.3883,0.0575
1600000US2658945,2658945,"Northview CDP, Michigan",0.4608,0.0404
1600000US2658980,2658980,"Northville city, Michigan",0.5082,0.0444
1600000US2659140,2659140,"Norton Shores city, Michigan",0.4299,0.0261
1600000US2659220,2659220,"Norway city, Michigan",0.4102,0.0579
1600000US2659320,2659320,"Norwood CDP, Michigan",0.3345,0.0864
1600000US2659440,2659440,"Novi city, Michigan",0.4519,0.0128
1600000US2659740,2659740,"Oak Hill CDP, Michigan",0.3824,0.0567
1600000US2659860,2659860,"Oakley village, Michigan",0.3915,0.0780
1600000US2659920,2659920,"Oak Park city, Michigan",0.3903,0.0154
1600000US2660180,2660180,"Oden CDP, Michigan",0.2610,0.0876
1600000US2660340,2660340,"Okemos CDP, Michigan",0.4794,0.0227
1600000US2660580,2660580,"Olivet city, Michigan",0.4372,0.0457
1600000US2660640,2660640,"Omena CDP, Michigan",0.1924,0.0677
1600000US2660660,2660660,"Omer city, Michigan",0.3357,0.0681
1600000US2660680,2660680,"Onaway city, Michigan",0.3781,0.0387
1600000US2660740,2660740,"Onekama village, Michigan",0.4733,0.0628
1600000US2660840,2660840,"Onsted village, Michigan",0.3856,0.0312
1600000US2660860,2660860,"Ontonagon village, Michigan",0.4680,0.0589
1600000US2661020,2661020,"Orchard Lake Village city, Michigan",0.5355,0.0489
1600000US2661220,2661220,"Ortonville village, Michigan",0.3995,0.0316
1600000US2661320,2661320,"Oscoda CDP, Michigan",0.4887,0.0719
1600000US2661500,2661500,"Ossineke CDP, Michigan",0.4598,0.0570
1600000US2661600,2661600,"Otisville village, Michigan",0.3966,0.0519
1600000US2661620,2661620,"Otsego city, Michigan",0.4151,0.0412
1600000US2661760,2661760,"Otter Lake village, Michigan",0.3081,0.0539
1600000US2661860,2661860,"Ovid village, Michigan",0.3354,0.0329
1600000US2661920,2661920,"Owendale village, Michigan",0.3773,0.0948
1600000US2661940,2661940,"Owosso city, Michigan",0.3995,0.0183
1600000US2662020,2662020,"Oxford village, Michigan",0.4084,0.0430
1600000US2662180,2662180,"Palmer CDP, Michigan",0.3452,0.0482
1600000US2662340,2662340,"Parchment city, Michigan",0.4311,0.0425
1600000US2662500,2662500,"Parkdale CDP, Michigan",0.3801,0.0502
1600000US2662740,2662740,"Parma village, Michigan",0.3514,0.0422
1600000US2662980,2662980,"Paw Paw village, Michigan",0.5020,0.0820
1600000US2663020,2663020,"Paw Paw Lake CDP, Michigan",0.5437,0.0904
1600000US2663200,2663200,"Pearl Beach CDP, Michigan",0.3756,0.0336
1600000US2663260,2663260,"Peck village, Michigan",0.3793,0.0405
1600000US2663300,2663300,"Pellston village, Michigan",0.3818,0.0477
1600000US2663540,2663540,"Pentwater village, Michigan",0.5108,0.1049
1600000US2663660,2663660,"Perrinton village, Michigan",0.4874,0.1354
1600000US2663700,2663700,"Perry city, Michigan",0.3915,0.0492
1600000US2663800,2663800,"Petersburg city, Michigan",0.3758,0.0371
1600000US2663820,2663820,"Petoskey city, Michigan",0.5867,0.1138
1600000US2663900,2663900,"Pewamo village, Michigan",0.4131,0.0763
1600000US2664020,2664020,"Pierson village, Michigan",0.3193,0.0624
1600000US2664060,2664060,"Pigeon village, Michigan",0.4152,0.0263
1600000US2664100,2664100,"Pilgrim CDP, Michigan",0.2497,0.2074
1600000US2664140,2664140,"Pinckney village, Michigan",0.3576,0.0355
1600000US2664160,2664160,"Pinconning city, Michigan",0.4359,0.0312
1600000US2664740,2664740,"Plainwell city, Michigan",0.4056,0.0547
1600000US2664900,2664900,"Pleasant Ridge city, Michigan",0.4245,0.0308
1600000US2665060,2665060,"Plymouth city, Michigan",0.4415,0.0344
1600000US2665420,2665420,"Ponshewaing CDP, Michigan",0.2058,0.1143
1600000US2665440,2665440,"Pontiac city, Michigan",0.4641,0.0160
1600000US2665560,2665560,"Portage city, Michigan",0.4547,0.0145
1600000US2665680,2665680,"Port Austin village, Michigan",0.4590,0.0683
1600000US2665800,2665800,"Port Hope village, Michigan",0.3634,0.0685
1600000US2665820,2665820,"Port Huron city, Michigan",0.4499,0.0126
1600000US2665860,2665860,"Portland city, Michigan",0.3457,0.0326
1600000US2665900,2665900,"Port Sanilac village, Michigan",0.4202,0.0454
1600000US2666000,2666000,"Posen village, Michigan",0.4137,0.0656
1600000US2666100,2666100,"Potterville city, Michigan",0.3575,0.0352
1600000US2666140,2666140,"Powers village, Michigan",0.4270,0.0542
1600000US2666300,2666300,"Prescott village, Michigan",0.3899,0.0822
1600000US2666343,2666343,"Presque Isle Harbor CDP, Michigan",0.2930,0.0351
1600000US2666400,2666400,"Prudenville CDP, Michigan",0.4152,0.0607
1600000US2666640,2666640,"Quincy village, Michigan",0.4377,0.0405
1600000US2666720,2666720,"Quinnesec CDP, Michigan",0.2483,0.0626
1600000US2667140,2667140,"Rapid City CDP, Michigan",0.5416,0.1292
1600000US2667280,2667280,"Ravenna village, Michigan",0.3722,0.0420
1600000US2667500,2667500,"Reading city, Michigan",0.4380,0.0453
1600000US2667820,2667820,"Reed City city, Michigan",0.4349,0.0306
1600000US2667900,2667900,"Reese village, Michigan",0.4170,0.0466
1600000US2667980,2667980,"Republic CDP, Michigan",0.4509,0.0443
1600000US2668240,2668240,"Richland village, Michigan",0.4649,0.0730
1600000US2668380,2668380,"Richmond city, Michigan",0.4499,0.0602
1600000US2668760,2668760,"River Rouge city, Michigan",0.5095,0.0318
1600000US2668880,2668880,"Riverview city, Michigan",0.4150,0.0311
1600000US2668990,2668990,"Robin Glen-Indiantown CDP, Michigan",0.5735,0.1894
1600000US2669020,2669020,"Rochester city, Michigan",0.4391,0.0181
1600000US2669035,2669035,"Rochester Hills city, Michigan",0.4358,0.0145
1600000US2669080,2669080,"Rockford city, Michigan",0.4327,0.0460
1600000US2669180,2669180,"Rockwood city, Michigan",0.3946,0.0482
1600000US2669260,2669260,"Rogers City city, Michigan",0.4304,0.0588
1600000US2669400,2669400,"Romeo village, Michigan",0.4014,0.0354
1600000US2669420,2669420,"Romulus city, Michigan",0.4116,0.0223
1600000US2669520,2669520,"Roosevelt Park city, Michigan",0.3856,0.0346
1600000US2669540,2669540,"Roscommon village, Michigan",0.4172,0.0512
1600000US2669640,2669640,"Rosebush village, Michigan",0.4076,0.0827
1600000US2669680,2669680,"Rose City city, Michigan",0.5696,0.1040
1600000US2669800,2669800,"Roseville city, Michigan",0.3989,0.0122
1600000US2669880,2669880,"Rothbury village, Michigan",0.3270,0.0406
1600000US2670040,2670040,"Royal Oak city, Michigan",0.4232,0.0138
1600000US2670520,2670520,"Saginaw city, Michigan",0.4586,0.0141
1600000US2670640,2670640,"St. Charles village, Michigan",0.4483,0.0536
1600000US2670680,2670680,"St. Clair city, Michigan",0.4329,0.0455
1600000US2670760,2670760,"St. Clair Shores city, Michigan",0.3983,0.0100
1600000US2670800,2670800,"St. Helen CDP, Michigan",0.4100,0.0362
1600000US2670840,2670840,"St. Ignace city, Michigan",0.4220,0.0309
1600000US2670900,2670900,"St. James CDP, Michigan",0.3855,0.0455
1600000US2670940,2670940,"St. Johns city, Michigan",0.4493,0.0398
1600000US2670960,2670960,"St. Joseph city, Michigan",0.4520,0.0471
1600000US2671000,2671000,"St. Louis city, Michigan",0.4236,0.0320
1600000US2671140,2671140,"Saline city, Michigan",0.4244,0.0232
1600000US2671340,2671340,"Sand Lake CDP, Michigan",0.3724,0.0326
1600000US2671360,2671360,"Sand Lake village, Michigan",0.4301,0.0548
1600000US2671540,2671540,"Sandusky city, Michigan",0.5874,0.1225
1600000US2671560,2671560,"Sanford village, Michigan",0.5158,0.0842
1600000US2671660,2671660,"Saranac village, Michigan",0.4629,0.0419
1600000US2671700,2671700,"Saugatuck city, Michigan",0.5172,0.0569
1600000US2671740,2671740,"Sault Ste. Marie city, Michigan",0.4795,0.0365
1600000US2671860,2671860,"Schoolcraft village, Michigan",0.4296,0.0583
1600000US2672080,2672080,"Scottville city, Michigan",0.4223,0.0404
1600000US2672180,2672180,"Sebewaing village, Michigan",0.3397,0.0363
1600000US2672840,2672840,"Shelby village, Michigan",0.4722,0.0687
1600000US2672960,2672960,"Shepherd village, Michigan",0.4035,0.0302
1600000US2673100,2673100,"Sheridan village, Michigan",0.3667,0.0407
1600000US2673420,2673420,"Sherwood village, Michigan",0.3729,0.0593
1600000US2673560,2673560,"Shields CDP, Michigan",0.3966,0.0301
1600000US2673660,2673660,"Shoreham village, Michigan",0.4461,0.0443
1600000US2673730,2673730,"Shorewood-Tower Hills-Harbert CDP, Michigan",0.5058,0.0736
1600000US2674200,2674200,"Skidway Lake CDP, Michigan",0.4557,0.0423
1600000US2674380,2674380,"Snover CDP, Michigan",0.4392,0.0695
1600000US2674740,2674740,"South Boardman CDP, Michigan",0.3318,0.0620
1600000US2674900,2674900,"Southfield city, Michigan",0.4445,0.0185
1600000US2674960,2674960,"Southgate city, Michigan",0.3861,0.0118
1600000US2674975,2674975,"South Gull Lake CDP, Michigan",0.4371,0.0743
1600000US2674980,2674980,"South Haven city, Michigan",0.5339,0.0668
1600000US2675100,2675100,"South Lyon city, Michigan",0.4301,0.0242
1600000US2675140,2675140,"South Monroe CDP, Michigan",0.4957,0.0462
1600000US2675220,2675220,"South Range village, Michigan",0.4848,0.0966
1600000US2675280,2675280,"South Rockwood village, Michigan",0.3563,0.0367
1600000US2675420,2675420,"Sparta village, Michigan",0.3918,0.0685
1600000US2675620,2675620,"Spring Arbor CDP, Michigan",0.3992,0.0595
1600000US2675700,2675700,"Springfield city, Michigan",0.3812,0.0281
1600000US2675820,2675820,"Spring Lake village, Michigan",0.4550,0.0455
1600000US2675860,2675860,"Springport village, Michigan",0.3971,0.0443
1600000US2676120,2676120,"Standish city, Michigan",0.4720,0.0234
1600000US2676220,2676220,"Stanton city, Michigan",0.4026,0.0352
1600000US2676240,2676240,"Stanwood village, Michigan",0.4169,0.1039
1600000US2676380,2676380,"Stephenson city, Michigan",0.3890,0.0265
1600000US2676420,2676420,"Sterling village, Michigan",0.3956,0.0523
1600000US2676460,2676460,"Sterling Heights city, Michigan",0.4090,0.0092
1600000US2676500,2676500,"Stevensville village, Michigan",0.3767,0.0443
1600000US2676560,2676560,"Stockbridge village, Michigan",0.3658,0.0404
1600000US2676720,2676720,"Stony Point CDP, Michigan",0.3532,0.0843
1600000US2676820,2676820,"Stronach CDP, Michigan",0.3022,0.0754
1600000US2676960,2676960,"Sturgis city, Michigan",0.4373,0.0368
1600000US2677420,2677420,"Sunfield village, Michigan",0.3416,0.0377
1600000US2677600,2677600,"Suttons Bay village, Michigan",0.4737,0.0693
1600000US2677700,2677700,"Swartz Creek city, Michigan",0.3787,0.0314
1600000US2677860,2677860,"Sylvan Lake city, Michigan",0.4474,0.0470
1600000US2678140,2678140,"Tawas City city, Michigan",0.3749,0.0379
1600000US2679000,2679000,"Taylor city, Michigan",0.4277,0.0145
1600000US2679120,2679120,"Tecumseh city, Michigan",0.3993,0.0350
1600000US2679160,2679160,"Tekonsha village, Michigan",0.3910,0.0372
1600000US2679240,2679240,"Temperance CDP, Michigan",0.4377,0.0640
1600000US2679600,2679600,"Thompsonville village, Michigan",0.3795,0.0446
1600000US2679720,2679720,"Three Oaks village, Michigan",0.4900,0.0644
1600000US2679760,2679760,"Three Rivers city, Michigan",0.4214,0.0497
1600000US2680340,2680340,"Traverse City city, Michigan",0.5072,0.0390
1600000US2680420,2680420,"Trenton city, Michigan",0.3998,0.0161
1600000US2680660,2680660,"Trowbridge Park CDP, Michigan",0.3546,0.0723
1600000US2680700,2680700,"Troy city, Michigan",0.4214,0.0107
1600000US2680820,2680820,"Turner village, Michigan",0.3559,0.0663
1600000US2680960,2680960,"Tustin village, Michigan",0.3197,0.0667
1600000US2681020,2681020,"Twining village, Michigan",0.3655,0.0657
1600000US2681040,2681040,"Twin Lake CDP, Michigan",0.3487,0.0726
1600000US2681200,2681200,"Ubly village, Michigan",0.4442,0.0772
1600000US2681360,2681360,"Union City village, Michigan",0.3965,0.0385
1600000US2681420,2681420,"Unionville village, Michigan",0.3911,0.0561
1600000US2681540,2681540,"Utica city, Michigan",0.4329,0.0460
1600000US2681680,2681680,"Vandalia village, Michigan",0.4243,0.0536
1600000US2681700,2681700,"Vanderbilt village, Michigan",0.3682,0.0566
1600000US2681740,2681740,"Vandercook Lake CDP, Michigan",0.4415,0.0514
1600000US2681840,2681840,"Vassar city, Michigan",0.3933,0.0354
1600000US2681960,2681960,"Vermontville village, Michigan",0.3624,0.0398
1600000US2682020,2682020,"Vernon village, Michigan",0.3473,0.0510
1600000US2682300,2682300,"Vicksburg village, Michigan",0.5790,0.1895
1600000US2682450,2682450,"Village of Clarkston city, Michigan",0.4924,0.0537
1600000US2682453,2682453,"Village of Grosse Pointe Shores city, Michigan",0.5177,0.0615
1600000US2682490,2682490,"Vineyard Lake CDP, Michigan",0.3870,0.0804
1600000US2682680,2682680,"Wacousta CDP, Michigan",0.3051,0.0375
1600000US2682780,2682780,"Wakefield city, Michigan",0.4113,0.0367
1600000US2682880,2682880,"Waldron village, Michigan",0.3658,0.0479
1600000US2682960,2682960,"Walker city, Michigan",0.4276,0.0193
1600000US2683020,2683020,"Walkerville village, Michigan",0.3542,0.0539
1600000US2683060,2683060,"Walled Lake city, Michigan",0.3976,0.0252
1600000US2683140,2683140,"Walloon Lake CDP, Michigan",0.4225,0.1498
1600000US2684000,2684000,"Warren city, Michigan",0.4215,0.0091
1600000US2684360,2684360,"Watersmeet CDP, Michigan",0.3892,0.0731
1600000US2684500,2684500,"Watervliet city, Michigan",0.3770,0.0287
1600000US2684800,2684800,"Waverly CDP, Michigan",0.4177,0.0234
1600000US2684880,2684880,"Wayland city, Michigan",0.3801,0.0381
1600000US2684940,2684940,"Wayne city, Michigan",0.4244,0.0177
1600000US2685080,2685080,"Webberville village, Michigan",0.3738,0.0512
1600000US2685110,2685110,"Wedgewood CDP, Michigan",0.4204,0.1056
1600000US2685140,2685140,"Weidman CDP, Michigan",0.5134,0.1131
1600000US2685300,2685300,"Wellston CDP, Michigan",0.3004,0.0693
1600000US2685580,2685580,"West Branch city, Michigan",0.4249,0.0327
1600000US2685700,2685700,"West Ishpeming CDP, Michigan",0.4082,0.0584
1600000US2686000,2686000,"Westland city, Michigan",0.4338,0.0132
1600000US2686050,2686050,"West Monroe CDP, Michigan",0.4039,0.0570
1600000US2686120,2686120,"Westphalia village, Michigan",0.3645,0.0318
1600000US2686380,2686380,"Westwood CDP, Michigan",0.4237,0.0598
1600000US2686680,2686680,"White Cloud city, Michigan",0.4574,0.0472
1600000US2686780,2686780,"Whitehall city, Michigan",0.4023,0.0267
1600000US2686920,2686920,"White Pigeon village, Michigan",0.4121,0.0395
1600000US2686960,2686960,"White Pine CDP, Michigan",0.3415,0.0424
1600000US2687060,2687060,"Whitmore Lake CDP, Michigan",0.4259,0.0439
1600000US2687140,2687140,"Whittemore city, Michigan",0.4226,0.0471
1600000US2687420,2687420,"Williamston city, Michigan",0.4145,0.0494
1600000US2688140,2688140,"Wixom city, Michigan",0.4659,0.0232
1600000US2688220,2688220,"Wolf Lake CDP, Michigan",0.4282,0.0622
1600000US2688240,2688240,"Wolverine village, Michigan",0.3886,0.0695
1600000US2688260,2688260,"Wolverine Lake village, Michigan",0.4144,0.0540
1600000US2688380,2688380,"Woodhaven city, Michigan",0.4185,0.0391
1600000US2688420,2688420,"Woodland village, Michigan",0.4849,0.1482
1600000US2688480,2688480,"Woodland Beach CDP, Michigan",0.3470,0.0523
1600000US2688900,2688900,"Wyandotte city, Michigan",0.4244,0.0188
1600000US2688940,2688940,"Wyoming city, Michigan",0.4069,0.0210
1600000US2689000,2689000,"Yale city, Michigan",0.4174,0.0371
1600000US2689140,2689140,"Ypsilanti city, Michigan",0.5200,0.0300
1600000US2689240,2689240,"Zeba CDP, Michigan",0.6519,0.1888
1600000US2689260,2689260,"Zeeland city, Michigan",0.4277,0.0517
1600000US2689320,2689320,"Zilwaukee city, Michigan",0.3614,0.0499
